Mode,Count,Share
pt,202,0.09426038264115726
car,472,0.22025198320111994
ride,747,0.34857676154923006
walk,565,0.2636490900606626
bike,157,0.07326178254783014
total,2143.0,1.0
