Mode,Count,Share
pt,201,0.09379374708352776
car,474,0.22118525431637892
ride,629,0.29351376574895005
walk,684,0.3191787214185721
bike,155,0.07232851143257116
total,2143.0,1.0
