Mode,Count,Share
pt,259,0.12362768496420047
car,439,0.20954653937947493
ride,1045,0.4988066825775656
walk,203,0.09689737470167065
bike,149,0.0711217183770883
total,2095.0,1.0
