Mode,Count,Share
pt,845,0.16617502458210423
car,1260,0.24778761061946902
ride,2267,0.44582104228121927
walk,426,0.08377581120943953
bike,287,0.05644051130776794
total,5085.0,1.0
