Mode,Count,Share
pt,197,0.0919272048530098
car,472,0.22025198320111994
ride,705,0.32897806812879143
walk,583,0.27204853009799346
bike,186,0.0867942137190854
total,2143.0,1.0
