Mode,Count,Share
pt,268,0.1250583294447037
car,474,0.22118525431637892
ride,1064,0.4965002333177788
walk,183,0.08539430704619692
bike,154,0.07186187587494167
total,2143.0,1.0
