Mode,Count,Share
pt,268,0.1250583294447037
car,474,0.22118525431637892
ride,1059,0.49416705552963136
walk,186,0.0867942137190854
bike,156,0.07279514699020065
total,2143.0,1.0
