Mode,Count,Share
pt,239,0.11152589827344844
car,479,0.22351843210452638
ride,1045,0.4876341577228185
walk,224,0.10452636490900606
bike,156,0.07279514699020065
total,2143.0,1.0
