Mode,Count,Share
pt,199,0.09286047596826878
car,472,0.22025198320111994
ride,658,0.3070461969202053
walk,658,0.3070461969202053
bike,156,0.07279514699020065
total,2143.0,1.0
