Mode,Count,Share
pt,198,0.09239384041063929
car,473,0.22071861875874943
ride,951,0.4437704153056463
walk,366,0.17078861409239385
bike,155,0.07232851143257116
total,2143.0,1.0
