Mode,Count,Share
pt,267,0.12378303198887343
car,482,0.22345850718590635
ride,1045,0.48446917014371815
walk,208,0.09643022716736208
bike,155,0.07185906351414001
total,2157.0,1.0
