Mode,Count,Share
pt,253,0.11805879608026132
car,472,0.22025198320111994
ride,1062,0.49556696220251983
walk,201,0.09379374708352776
bike,155,0.07232851143257116
total,2143.0,1.0
