Mode,Count,Share
pt,199,0.09286047596826878
car,472,0.22025198320111994
ride,674,0.3145123658422772
walk,641,0.29911339244050394
bike,157,0.07326178254783014
total,2143.0,1.0
